CHEMBL200278,CCCN1C(=O)N(CCC)c2[nH]c(nc2C1=O)c3cnn(Cc4onc(n4)c5ccccc5OC)c3,0
CHEMBL3314906,CCOC(=O)c1cnc(N2CCCC2)n3nc(nc13)c4occc4,0
CHEMBL2368366,CNC(=O)[C@]12C[C@@H]1[C@H]([C@H](O)[C@@H]2O)n3cnc4c(NCC(c5ccccc5)c6ccccc6)nc(Cl)nc34,0
CHEMBL474207,CC(C)Cn1c(Br)nc2c(N)ncnc12,0
CHEMBL1088683,CN(C)CCN(C)Cc1ccc2C(=O)c3c(nc(N)nc3c2c1)c4ccccc4,1
CHEMBL210642,COc1ccc(cc1)N2N=C3N(C2=O)c4cccc(N)c4N=C3NC(=O)C,0
CHEMBL200349,CCCN1C(=O)N(CCC)c2[nH]c(nc2C1=O)c3cnn(Cc4onc(n4)c5ccc(C)cc5)c3,0
CHEMBL317052,CNC(=O)c1cnn(c1)c2nc(N)c3ncn([C@@H]4O[C@H](CO)[C@@H](O)[C@H]4O)c3n2,0
CHEMBL1097050,COc1ccc(cc1)C(=O)Nc2nc(nc3nn(CCc4ccccc4)cc23)c5ccccc5,0
CHEMBL2151255,CC[C@@H](Oc1ccccc1)C(=O)Nc2nc(n[nH]2)c3ccccc3,0
CHEMBL66393,OC[C@H]1O[C@H]([C@H](O)[C@@H]1O)n2cnc3c(NCc4cccc(I)c4)ncnc23,1
CHEMBL361826,CCCN1C(=O)N(CCC)c2[nH]c(nc2C1=O)c3ccc(OCc4noc(n4)c5ccccc5OC)cc3,0
CHEMBL3917647,Nc1nc(NCCc2cccc(O)c2)nc3sc(nc13)c4occc4,1
CHEMBL1935753,CCCn1ncc2nc(N)n3nc(nc3c12)c4occc4,1
CHEMBL3752421,O=C(Nc1nc(NC2CCCCC2)nc3nc(nn13)c4occc4)c5ccccc5,0
CHEMBL141550,Clc1cccc(NC(=O)Nc2nc3ccc(Cl)cc3c4nc(nn24)c5occc5)c1,1
CHEMBL1093018,Ic1ccccc1N2C(=S)Sc3c2ncn4nc(nc34)c5occc5,1
CHEMBL83,CCC(=C(/c1ccccc1)c2ccc(OCCN(C)C)cc2)c3ccccc3,0
CHEMBL3416810,CCNC(=O)[C@H]1O[C@H]([C@H](O)[C@@H]1O)n2cnc3c(N)nc(nc23)N4CCN(CC4)c5ccc(OCCCc6ccccc6)cc5,1
CHEMBL3114164,CC(C)n1cc2c(Cl)nc(NC(=O)Cc3ccccc3)nc2n1,0
CHEMBL341777,O=C(COc1ccccc1)Nc2nc3nn(CCc4ccccc4)cc3c5nc(nn25)c6occc6,1
CHEMBL190,CN1C(=O)N(C)c2[nH]cnc2C1=O,0
CHEMBL2419144,Fc1ccc(C=NC2=C(SC(=S)N2c3ccccc3)C#N)cc1,1
CHEMBL2024119,Cc1cc(cc(n1)C(F)(F)F)c2nnc(N)nc2c3ccccc3,1
CHEMBL329791,COc1ccc(NC(=O)Nc2nc3nn(C)cc3c4nc(nn24)c5occc5)cc1,0
CHEMBL3114149,CC(C)n1cc2c(Cl)nc(NC(=O)c3ccc(cc3)C(F)(F)F)nc2n1,0
CHEMBL3764260,Nc1nc(C(=O)NCc2cccc3cccnc23)c4cc(F)c(F)cc4n1,1
CHEMBL1095999,Nc1nc(c2occc2)c3C(=O)c4ccccc4c3n1,1
CHEMBL223786,CCNC(=O)[C@H]1O[C@H]([C@H](O)[C@@H]1O)n2cnc3c(NOC)nc(nc23)C#Cc4ccc(cc4)C(=O)C,0
CHEMBL513320,Nc1nc(cc(c2ccc3OCOc3c2)c1C#N)c4occc4,1
CHEMBL2398482,CC(O)CCc1nc(N)c2nc(n(C)c2n1)n3nccn3,1
CHEMBL3416808,CCNC(=O)[C@H]1O[C@H]([C@H](O)[C@@H]1O)n2cnc3c(N)nc(nc23)N4CCN(CC4)c5ccc(OCc6ccc(cc6)C(F)(F)F)cc5,1
CHEMBL1093203,Ic1ccc(cc1)N2C(=S)Sc3c2ncn4nc(nc34)c5occc5,1
CHEMBL220386,CCNC(=O)[C@H]1O[C@H]([C@H](O)[C@@H]1O)n2cnc3c(NOC)nc(nc23)C#Cc4ccc(F)cc4,0
CHEMBL200451,CCCN1C(=O)N(CCC)c2[nH]c(nc2C1=O)c3cnn(Cc4cc(on4)c5ccc(cc5)C(F)(F)F)c3,0
CHEMBL2181146,CCOc1nc2nn(C)cc2c3nc(nn13)c4occc4,0
CHEMBL1087184,Nc1nc(c2ccccc2)c3C(=O)c4ccc(cc4c3n1)C(=O)N5CCNCC5,1
CHEMBL593749,CC(C)c1nc(cc(n1)c2oc(C)cc2)C(=O)NCc3ccccn3,0
CHEMBL3087706,CCCn1c(nc2c(N)ncnc12)c3occc3,1
CHEMBL220535,c1ccc(cc1)c2cc(c3ccccc3)c4nc[nH]c4n2,1
CHEMBL1081038,Fc1ccc(cc1)c2nc(NC(=O)C3CC3)ccc2c4ccncc4,1
CHEMBL3410312,CCOC(=O)c1nc(NC(=O)c2ccc(F)cc2)nc3nn(CCc4ccccc4)cc13,0
CHEMBL3799351,COc1ccccc1Cn2cc3nc(nc(N)c3n2)c4oc(C)cc4,1
CHEMBL3114151,CC(C)(C)Cn1cc2c(Cl)nc(NC(=O)c3ccccc3)nc2n1,0
CHEMBL1098108,COc1ccc(cc1)C(=O)Nc2nc(nc3nn(C)cc23)c4ccccc4,0
CHEMBL4059807,CNC(=O)[C@H]1[Se][C@H]([C@H](O)[C@@H]1O)n2cnc3c(NCc4ccccc4OC)ncnc23,0
CHEMBL223340,CCCOC(=O)c1cnc2c(cnn2CC(Cl)c3ccccc3)c1N4CCCC4,0
CHEMBL3121721,CCN(CC)CCOc1ccc(cc1)c2nc3N(C)C(=O)N(C)C(=O)c3[nH]2,1
CHEMBL373578,CONc1nc(nc2c1ncn2[C@@H]3O[C@H](CO)[C@@H](O)[C@H]3O)C#Cc4cccc(c4)C(F)(F)F,0
CHEMBL410529,CCCN1C(=O)N(CC)c2nc([nH]c2C1=O)c3cnn(c3)c4ccc[n+]([O-])c4,0
CHEMBL190,CN1C(=O)N(C)c2[nH]cnc2C1=O,0
CHEMBL3410300,CCOC(=O)c1nc(N)nc2nn(CC(C)(C)C)cc12,0
CHEMBL3414937,CCn1nnc(n1)[C@H]2O[C@H]([C@H](O)[C@@H]2O)n3cnc4c(N)nc(Cl)nc34,1
CHEMBL1098458,Nc1nc(c2ccccc2)c3C(=O)c4ccc(NCCc5ccncc5)cc4c3n1,1
CHEMBL366216,CN(C)c1ccc(Nc2nc(NC3CCCCC3)c4[nH]cnc4n2)cc1,0
CHEMBL466044,CCC(C)n1cnc2c(N)ncnc12,0
CHEMBL188592,C1CCC(CC1)Nc2[nH]c(Nc3ccccc3)nc4ncnc24,0
CHEMBL251997,C[C@@]1(O)[C@H](O)[C@@H](CO)O[C@H]1n2cnc3c(NC4CCCC4)nc(Cl)nc23,1
CHEMBL464859,CCNC(=O)[C@H]1O[C@H]([C@H](O)[C@@H]1O)n2cnc3c(N)ncnc23,1
CHEMBL2261733,O=C1CC(CC2=C1C=C(C(=O)N2)S(=O)(=O)c3ccccc3)c4ccccc4,0
CHEMBL304009,CCn1cnc2c(N)ncnc12,0
CHEMBL261754,CN(C)c1nc(c2cc3ccccc3s2)c4sccc4n1,0
CHEMBL468256,Nc1nc(c2occc2)c3nnn(Cc4ccc5[nH]ccc5c4)c3n1,1
CHEMBL1090811,Cn1cc2c(nc(N)n3nc(nc23)c4ccc(Br)cc4)n1,0
CHEMBL1095172,Nc1nc(c2ccccc2)c3C(=O)c4ccc(NCCN5CCOCC5)cc4c3n1,1
CHEMBL254064,CNC(=O)OC[C@H]1O[C@@H](n2cnc3c(NC4CCCC4)nc(Cl)nc23)[C@](C)(O)[C@@H]1O,0
CHEMBL329294,COc1ccc2c(O)cc(nc2n1)c3ccccc3,0
CHEMBL252069,O=C1Nc2nc([nH]c2C(=O)N1CC3CC3)c4cnn(Cc5ccccc5)c4,0
CHEMBL168912,COc1cccc(c1)c2n[nH]c(CCc3ccc(Cl)c(Cl)c3)n2,0
CHEMBL523797,O[C@H]1[C@@H](O)[C@@H]([C@H]2C[C@@H]12)n3cnc4c(NCc5cccc(Cl)c5)nc(Cl)nc34,0
CHEMBL2113453,Nc1nc(N=NNC(=O)c2ccccc2)nc3c1ncn3[C@@H]4O[C@H](CO)[C@@H](O)[C@H]4O,0
CHEMBL104998,CC(=O)Nc1ccc(cc1)c2cc(O)c3ccc(C)nc3n2,0
CHEMBL259319,O=C(Nc1nc(c2ccccc2)c(C#N)c(n1)c3ccc4OCOc4c3)C5CCCC5,1
CHEMBL3121722,CN1C(=O)N(C)c2nc([nH]c2C1=O)c3ccc(OCCC4CCNCC4)cc3,1
CHEMBL1088235,Nc1nc(c2ccccc2)c3C(=O)c4ccc(CNCc5ccccn5)cc4c3n1,1
CHEMBL3741942,CCCn1cnc2c(N)nc(NCCCc3ccccc3)nc12,0
CHEMBL3088337,Clc1ccc(Nc2nc3c(Cl)ncnc3s2)cc1,0
CHEMBL3410301,CCOC(=O)c1nc(N)nc2nn(CCc3ccccc3)cc12,0
CHEMBL3314909,CCOC(=O)c1cnc(N(C)C)n2nc(nc12)c3occc3,0
CHEMBL323303,Cc1ccc2c(O)cc(nc2n1)c3cccc(N)c3,0
CHEMBL201145,CCCN1C(=O)N(CCC)c2cc([nH]c2C1=O)c3ccc(OCC(=O)Nc4ccc(Br)cc4)cc3,1
CHEMBL103559,CCOc1cc(nc2nc(Br)ccc12)c3ccccc3,0
CHEMBL3828648,Fc1cccc(F)c1Nc2nc3c(Cl)ncnc3s2,0
CHEMBL1088247,Nc1nc(c2ccccc2)c3C(=O)c4ccc(CNN5CCOCC5)cc4c3n1,1
CHEMBL424011,C(N1CCCC1)c2cccc(c2)c3n[nH]c(n3)c4ccc5OCCOc5c4,0
CHEMBL259772,CCCN1C(=O)N(CC)c2nc([nH]c2C1=O)c3cnn(c3)c4ccc(nc4)C(F)(F)F,0
CHEMBL3916846,CCN1N=C(C=C(NC(=O)Nc2c(Cl)cncc2Cl)C1=O)c3cccc(c3)c4cccc(c4)C(=O)NCCN5CCNCC5,1
CHEMBL365026,C1CCCC(CCC1)Nc2[nH]c(Nc3ccccc3)nc4ncnc24,0
CHEMBL2419146,CCCCN1C(=S)SC(=C1N=Cc2ccc(F)cc2)C#N,1
CHEMBL574597,CNc1nc(nc2c1ncn2[C@@H]3O[C@H](CO)[C@@H](O)[C@H]3O)C#Cc4ccccc4,0
CHEMBL3114165,CC(C)(C)Cn1cc2c(Cl)nc(NC(=O)Cc3ccccc3)nc2n1,0
CHEMBL1090577,Clc1ccc(cc1)N2C(=S)Sc3c2ncn4nc(nc34)c5occc5,1
CHEMBL97757,Oc1cc(nc2nc(F)ccc12)c3ccccc3,0
CHEMBL3114140,CC(C)n1cc2c(Cl)nc(N)nc2n1,0
CHEMBL361075,COc1ccc(cc1)c2cnn(c2)c3nc(NCc4cccc(I)c4)c5ncn(C6O[C@H](CO)[C@@H](O)[C@H]6O)c5n3,0
CHEMBL3088336,COc1ccc(Nc2nc3c(Cl)ncnc3s2)cc1,0
CHEMBL261203,Nc1nc(c2occc2)c3ncn(C(=O)NCc4ccccc4)c3n1,1
CHEMBL573032,CNC(=O)[C@H]1O[C@H]([C@H](O)[C@@H]1O)n2cnc3c(NC)nc(nc23)C#Cc4ccc(OC)cc4,0
CHEMBL411685,O[C@H]([C@@H]1CCCCN1)c2cc(nc3c(cccc23)C(F)(F)F)C(F)(F)F,0
CHEMBL554623,Nc1nc(cc(n1)c2occc2)C(=O)NCc3cccc(Cl)c3,1
CHEMBL1097495,CN(C)CCN(C)c1oc(cc1)c2nc(N)nc3c4ccccc4C(=O)c23,1
CHEMBL2391842,COc1ccc(cc1)C(=O)Nc2nc(c3ccccc3)c(s2)C(=O)c4nc(N)nc(n4)N(C)C,0
CHEMBL3407529,CCOC(=O)c1nc(NC(=O)Cc2ccccc2)nc3nn(CC(C)(C)C)cc13,0
CHEMBL574602,CNC(=O)[C@H]1O[C@H]([C@H](O)[C@@H]1O)n2cnc3c(NC)nc(nc23)C#Cc4ccccc4,0
CHEMBL464859,CCNC(=O)[C@H]1O[C@H]([C@H](O)[C@@H]1O)n2cnc3c(N)ncnc23,1
CHEMBL464859,CCNC(=O)[C@H]1O[C@H]([C@H](O)[C@@H]1O)n2cnc3c(N)ncnc23,1
CHEMBL16724,OC(=O)COc1ccc(cc1)c2nc3C(=O)N(CC=C)C(=O)N(CC=C)c3[nH]2,0
CHEMBL3121727,CN1C(=O)N(C)c2nc([nH]c2C1=O)c3ccc(OCCCn4ccnc4)cc3,1
CHEMBL223456,CNC(=O)[C@H]1O[C@H]([C@H](O)[C@@H]1O)n2cnc3c(NOC)nc(nc23)C#Cc4ccc(C)cc4,0
CHEMBL3410302,CCOC(=O)c1nc(NC(=O)c2ccccc2)nc3nn(C)cc13,0
CHEMBL3414936,CCn1nnc(n1)[C@H]2O[C@H]([C@H](O)[C@@H]2O)n3cnc4c(N)ncnc34,1
CHEMBL2413114,CCNC(=O)[C@H]1O[C@H]([C@H](O)[C@@H]1O)n2cnc3c(NCCCCCCCCNc4ccc(c5nonc45)[N+](=O)[O-])ncnc23,0
CHEMBL3314921,OC(=O)c1cnc(NC2CCCC2)n3nc(nc13)c4occc4,0
CHEMBL3410297,NC(=O)c1nc(N)nc2nn(CCc3ccccc3)cc12,0
CHEMBL556083,COc1ccccc1CNC(=O)c2cc(nc(N)n2)c3occc3,1
CHEMBL361072,CNc1nc(nc2c1ncn2C3O[C@H](CO)[C@@H](O)[C@H]3O)n4cc(cn4)c5oc6ccccc6n5,0
CHEMBL259607,Nc1nc(c2ccccc2)c(C#N)c(n1)c3ccc4OCOc4c3,1
CHEMBL2398484,C[C@@H](O)CCc1nc(N)c2nc(n(C)c2n1)n3nccn3,1
CHEMBL1099368,Nc1nc(c2ccccc2)c3C(=O)c4ccc(CNN5CCCC5)cc4c3n1,1
CHEMBL3410322,CCOC(=O)c1nc(NC(=O)Cc2ccccc2)nc3nn(C)cc13,0
CHEMBL374792,CCNC(=O)[C@H]1O[C@H]([C@H](O)[C@@H]1O)n2cnc3c(NOC)nc(nc23)C#Cc4ccc(C)cc4,0
CHEMBL113,CN1C(=O)N(C)c2ncn(C)c2C1=O,0
CHEMBL261345,Nc1nc2ccccc2n3nc(nc13)c4occc4,1
CHEMBL572386,Clc1cccc(CC(=O)Nc2nc3nn(CCc4ccccc4)cc3c5nc(nn25)c6occc6)c1,1
CHEMBL3818390,Oc1ccc2C=C(C(=O)Oc2c1O)c3cc(Br)cs3,0
CHEMBL3799351,COc1ccccc1Cn2cc3nc(nc(N)c3n2)c4oc(C)cc4,1
CHEMBL281129,CSc1c2c(nc(N)n3nc(nc23)c4occc4)nn1C,1
CHEMBL284969,OC[C@H]1O[C@H]([C@H](O)[C@@H]1O)n2cnc3c(NC4CCCC4)nc(Cl)nc23,1
CHEMBL464859,CCNC(=O)[C@H]1O[C@H]([C@H](O)[C@@H]1O)n2cnc3c(N)ncnc23,1
CHEMBL190,CN1C(=O)N(C)c2[nH]cnc2C1=O,0
CHEMBL464859,CCNC(=O)[C@H]1O[C@H]([C@H](O)[C@@H]1O)n2cnc3c(N)ncnc23,1
CHEMBL3410298,CCOC(=O)c1nc(N)nc2nn(C)cc12,0
CHEMBL378598,CCCN1C(=O)N(CCC)c2[nH]c(nc2C1=O)c3cnn(Cc4cc(ccc4Cl)C(F)(F)F)c3,0
CHEMBL567012,CCn1cnc2c(NCCc3ccccc3)ncnc12,0
CHEMBL405027,FC(F)(F)c1nc(C(=O)c2ccncc2)c3sccc3n1,0
CHEMBL374028,COc1ccc2[nH]cc(CCOc3nc(N)c4ncn([C@@H]5O[C@H](CO)[C@@H](O)[C@H]5O)c4n3)c2c1,0
CHEMBL190,CN1C(=O)N(C)c2[nH]cnc2C1=O,0
CHEMBL3314907,CCOC(=O)c1cnc(N2CCCCC2)n3nc(nc13)c4occc4,0
CHEMBL3114154,Cc1ccc(cc1)C(=O)Nc2nc(Cl)c3cn(CC(C)(C)C)nc3n2,0
CHEMBL124345,Nc1nc(SCc2ncc[nH]2)c(C#N)c(c3ccccc3)c1C#N,1
CHEMBL1171164,CCN(C(=O)C)c1ccc(OC)c2nc(NC(=O)c3cnn(Cc4cccc(c4)C(F)(F)F)c3)sc12,1
CHEMBL593973,Cc1cccnc1CNC(=O)c2cc(nc(N)n2)c3ccccc3F,1
CHEMBL2181144,Cn1cc2c(nc(Cl)n3nc(nc23)c4occc4)n1,0
CHEMBL401321,CC(=O)Nc1cc(nc(n1)c2occc2)n3cccn3,1
CHEMBL464859,CCNC(=O)[C@H]1O[C@H]([C@H](O)[C@@H]1O)n2cnc3c(N)ncnc23,1
CHEMBL3403734,Cc1ccc(cc1)c2nc(Nc3ccccc3)sc2C(=O)Nc4sc5CCCCc5c4C(=O)N,0
CHEMBL2391847,Cc1sc2nc(nc(N)c2c1C)c3sc(NC(=O)c4ccccc4)nc3c5ccccc5,0
CHEMBL113,CN1C(=O)N(C)c2ncn(C)c2C1=O,0
CHEMBL344706,CCCn1cc2c(nc(N)n3nc(nc23)c4occc4)n1,1
CHEMBL490605,O[C@H]1[C@@H](O)[C@@H]([C@H]2C[C@@H]12)n3cnc4c(NCc5cccc(I)c5)nc(Cl)nc34,0
CHEMBL2398482,CC(O)CCc1nc(N)c2nc(n(C)c2n1)n3nccn3,1
CHEMBL1800792,CCC1CN2C(=O)N(Cc3ccccc3)c4nc([nH]c4C2=N1)c5cc(OCc6ccccc6)nn5C,0
CHEMBL16929,CCCN1C(=O)N(CCC)c2[nH]c(nc2C1=O)c3ccc(OCC(=O)Nc4ccc(F)cc4)cc3,1
CHEMBL549563,O[C@@H]1CO[C@H]([C@@H]1O)n2cnc3c(NCc4cccc(Cl)c4)nc(Cl)nc23,0
CHEMBL260933,CCCN1C(=O)N(CC)c2nc([nH]c2C1=O)c3cnn(Cc4cccc(c4)C(F)(F)F)c3,0
CHEMBL490606,O[C@H]1[C@@H](O)[C@@H]([C@H]2C[C@@H]12)n3cnc4c(NCc5cccc(Br)c5)nc(Cl)nc34,0
CHEMBL272185,Oc1c(Br)cc2[nH]c3cnccc3c2c1Br,0
CHEMBL296389,Cn1c(nc2c(N)nc(nc12)C#CC3(O)CCCCCC3)c4cccc(F)c4,1
CHEMBL1650386,CCCC(=O)Nc1cc(nc(n1)c2occc2)c3occc3,1
CHEMBL252045,CCCN1C(=O)N(CCC)c2nc([nH]c2C1=O)c3cnn(Cc4noc(n4)c5ccccc5)c3,0
CHEMBL2391835,Cc1sc2nc(nc(N)c2c1C)c3sc(NC(=O)c4occc4)nc3c5ccccc5,0
CHEMBL193977,N#Cc1cccc(c1)c2nc(Nc3cccnc3)sc2n4cncn4,0
CHEMBL256151,Cn1ccnc1c2nc(N)nc3c2cnn3Cc4ccccc4F,0
CHEMBL472952,COc1ccccc1CN2C(=O)N(c3cccc(c3)C#N)c4nc(NC5CC5)ncc24,0
CHEMBL219413,CCNC(=O)[C@H]1O[C@H]([C@H](O)[C@@H]1O)n2cnc3c(NNC(=O)c4occc4)nc(Cl)nc23,0
CHEMBL190,CN1C(=O)N(C)c2[nH]cnc2C1=O,0
CHEMBL2092941,Nc1nc(nc2c1ncn2[C@@H]3O[C@H](CO)[C@@H](O)[C@H]3O)C#CC(O)c4ccccc4,1
CHEMBL490405,COc1ccc(OC)c(CNc2nc(Cl)nc3c2ncn3[C@H]4[C@H](O)[C@H](O)[C@@H]5C[C@H]45)c1,0
CHEMBL2180909,Cn1cc2c(nc(N3CCOCC3)n4nc(nc24)c5occc5)n1,0
CHEMBL251873,CCN1C(=O)Nc2nc([nH]c2C1=O)c3cnn(Cc4ccccc4)c3,0
CHEMBL3121728,CN1C(=O)N(C)c2nc([nH]c2C1=O)c3ccc(OCCCN4CCN(Cc5ccccc5Cl)CC4)cc3,1
CHEMBL3907658,COc1cccc(CCNc2nc(N)c3nc(sc3n2)c4occc4)c1,1
CHEMBL374242,CCNC(=O)[C@H]1O[C@H]([C@H](O)[C@@H]1O)n2cnc3c(NOC)nc(nc23)C#Cc4ccccc4,0
CHEMBL190,CN1C(=O)N(C)c2[nH]cnc2C1=O,0
CHEMBL119709,CNC(=O)[C@H]1O[C@H]([C@H](O)[C@@H]1O)n2cnc3c(NCc4cccc(I)c4)ncnc23,0
CHEMBL190,CN1C(=O)N(C)c2[nH]cnc2C1=O,0
CHEMBL3093316,CN1C(=O)N(CC#C)C(=O)c2c1nc3N(CCc4ccccc4)CCCn23,0
CHEMBL65976,Cn1cnc2c(N)ncnc12,0
CHEMBL4104450,CCCN1C(=O)N(CCC)c2nc([nH]c2C1=O)c3onc(OCC4CN(C(=O)C4)c5ccc(cc5)C(F)(F)F)c3,0
CHEMBL3948763,Nc1ncc(c2ccnc(c2)C3CC3)c(n1)c4ccccc4,1
CHEMBL284969,OC[C@H]1O[C@H]([C@H](O)[C@@H]1O)n2cnc3c(NC4CCCC4)nc(Cl)nc23,1
CHEMBL2112157,CNC(=O)[C@]12C[C@@H]1[C@H]([C@H](O)[C@@H]2O)n3cnc4c(NCc5cc(OC)ccc5OC)nc(Cl)nc34,0
CHEMBL273094,CCCN1C(=O)N(CCC)c2nc([nH]c2C1=O)c3ccc(OCC(=O)NCCN)cc3,1
CHEMBL3765379,Nc1nc(C(=O)NCc2cccc3cccnc23)c4cccc(OC(F)(F)F)c4n1,1
CHEMBL1086978,COc1cccc(c1)c2nc(N)nc3c4ccccc4C(=O)c23,1
CHEMBL196258,CCCCCc1nc(N)c2nc(n(C)c2n1)n3nccn3,1
CHEMBL3403724,CCOC(=O)c1c2CCCCc2sc1NC(=O)c3sc(Nc4ccccc4)nc3N(C)C,0
CHEMBL2070882,CCCN1CCC(CC1)NC(=O)Nc2nc3nn(C)cc3c4nc(nn24)c5occc5,0
CHEMBL553449,Cc1cccc(CNC(=O)c2cc(nc(N)n2)c3occc3)c1,1
CHEMBL2180920,CCCCN(C)c1nc2nn(C)cc2c3nc(nn13)c4occc4,0
CHEMBL2151264,O=C(COCc1ccccc1)Nc2nc(n[nH]2)c3ccccc3,0
CHEMBL2165807,Nc1nc(c2ccccc2)c3C(=O)c4ccc(Cc5cccnc5)cc4c3n1,1
CHEMBL464859,CCNC(=O)[C@H]1O[C@H]([C@H](O)[C@@H]1O)n2cnc3c(N)ncnc23,1
CHEMBL448396,CC(C)n1cnc2ncnc(N)c12,0
CHEMBL512290,CN1C(=O)N(C)c2cc([nH]c2C1=O)c3ccc(COC(=O)Nc4ccccc4)cc3,1
CHEMBL260718,OC[C@@H]1CCCN1c2nc(c3nccs3)c4sccc4n2,1
CHEMBL284969,OC[C@H]1O[C@H]([C@H](O)[C@@H]1O)n2cnc3c(NC4CCCC4)nc(Cl)nc23,1
CHEMBL279898,CCCN1C(=O)NC(=O)c2[nH]cnc12,0
CHEMBL595147,Cc1oc(cc1)c2cc(nc(C)n2)C(=O)NCc3ccccn3,0
CHEMBL113518,O=C1N2C(=NN=C1c3occc3)N(Cc4ccccc4)c5ccccc25,0
CHEMBL280888,CCCSc1c2c(nc(N)n3nc(nc23)c4occc4)nn1C,1
CHEMBL516238,Nc1ncnc2c1nc(Br)n2C3CCCCC3,0
CHEMBL65271,CCn1cc2c(nc(NC(=O)Nc3ccc(OC)cc3)n4nc(nc24)c5occc5)n1,0
CHEMBL284969,OC[C@H]1O[C@H]([C@H](O)[C@@H]1O)n2cnc3c(NC4CCCC4)nc(Cl)nc23,1
CHEMBL1834624,Cn1cc2c(nc(NC(=O)Nc3ccccc3)n4nc(nc24)c5ccc(cc5)C(F)(F)F)n1,0
CHEMBL119709,CNC(=O)[C@H]1O[C@H]([C@H](O)[C@@H]1O)n2cnc3c(NCc4cccc(I)c4)ncnc23,1
CHEMBL3410295,CC(C)n1cc2c(nc(N)nc2n1)C(=O)N,0
CHEMBL3904408,COc1cccc(CNc2nc(N)c3nc(sc3n2)c4occc4)c1,1
CHEMBL184557,CNc1nc(nc2c1ncn2C3O[C@H](CO)[C@@H](O)[C@H]3O)n4cc(cn4)C(=O)NCc5ccc(Cl)cc5,0
CHEMBL315150,CC(C)CCn1cc2c(nc(N)n3nc(nc23)c4occc4)n1,1
CHEMBL65271,CCn1cc2c(nc(NC(=O)Nc3ccc(OC)cc3)n4nc(nc24)c5occc5)n1,0
CHEMBL1082005,Cc1oc(cc1)c2nc(NC(=O)C3CC3)ccc2c4ccncc4,1
CHEMBL369573,Nc1nc(c2ccccc2)c3C(=O)c4ccccc4c3n1,1
CHEMBL2151250,C[C@@H](Oc1ccccc1)C(=O)Nc2nc(n[nH]2)c3ccccc3,0
CHEMBL103553,Cc1ccc2c(O)ccnc2n1,0
CHEMBL4071338,CCn1nnc(n1)[C@H]2O[C@H]([C@H](O)[C@@H]2O)n3cnc4c(NCc5cccc(Cl)c5)ncnc34,1
CHEMBL2024114,Nc1nnc(c2ccc(O)c(Cl)c2)c(n1)c3ccccc3,1
CHEMBL191270,C1CCC(CC1)Nc2[nH]c(Sc3ccccc3)nc4ncnc24,0
CHEMBL464859,CCNC(=O)[C@H]1O[C@H]([C@H](O)[C@@H]1O)n2cnc3c(N)ncnc23,1
CHEMBL455493,Nc1ncnc2c1ncn2C3CCC3,0
CHEMBL2165804,CC(C)N1C=C(C=CC1=O)c2ncc(N)nc2c3ccc(F)cc3,1
CHEMBL1171525,COC(=O)CN(C(=O)C)c1ccc(OC)c2nc(NC(=O)c3ccc(F)cc3)sc12,1
CHEMBL1935760,Cn1cc2nc(N)n3nc(nc3c2n1)c4occc4,1
CHEMBL427077,CNC(=O)[C@H]1O[C@H]([C@H](O)[C@@H]1O)n2cnc3c(NOC)nc(nc23)C#Cc4ccc(F)cc4,0
CHEMBL1290212,CC(C)CCC1=C(C(=O)Nc2ccc(OCC(=O)NC(C)(C)c3ccccc3)cc12)c4nccs4,0
CHEMBL3980193,CCN1N=C(C=C(NC(=O)Nc2c(Cl)cncc2Cl)C1=O)c3cccc(c3)c4cccc(c4)C(=O)NCCN(C)C,1
CHEMBL3114152,CC(C)(C)Cn1cc2c(Cl)nc(NC(=O)c3ccc(F)cc3)nc2n1,0
CHEMBL122806,Nc1nc(SCc2ncc[nH]2)c(C#N)c(c3cccc(O)c3)c1C#N,1
CHEMBL195140,N#Cc1cccc(c1)c2nc(Nc3ccccn3)sc2n4cncn4,0
CHEMBL2180922,CCCCCN(CCCCC)c1nc2nn(C)cc2c3nc(nn13)c4occc4,0
CHEMBL3088349,CCN(CC)c1ncnc2sc(Nc3ccc(Cl)cc3)nc12,0
CHEMBL3314916,CCNc1ncc(C(=O)O)c2nc(nn12)c3occc3,0
CHEMBL2165803,Nc1nc(c2ccccc2)c3C(=O)c4ccc(cc4c3n1)C(F)(F)c5cccnc5,1
CHEMBL522434,COc1ccc(O)c(CNc2nc(Cl)nc3c2ncn3[C@H]4[C@H](O)[C@H](O)[C@@H]5C[C@H]45)c1,0
CHEMBL456033,CN(Cc1ccccc1)c2nc(c3occc3)c(s2)C(=O)c4ccccc4,0
CHEMBL3763829,Nc1nc(C(=O)NCc2cccc3c(ccnc23)C(=O)N4CCN(CC4)c5ccccc5)c6cccc(F)c6n1,0
CHEMBL190,CN1C(=O)N(C)c2[nH]cnc2C1=O,0
CHEMBL1090812,COc1ccc(cc1)c2nc3c4cn(C)nc4nc(N)n3n2,0
CHEMBL2113455,COc1ccc(NC(=O)N=NNc2nc(N)c3ncn([C@@H]4O[C@H](CO)[C@@H](O)[C@H]4O)c3n2)cc1,1
CHEMBL464859,CCNC(=O)[C@H]1O[C@H]([C@H](O)[C@@H]1O)n2cnc3c(N)ncnc23,1
CHEMBL223514,CNC(=O)[C@H]1O[C@H]([C@H](O)[C@@H]1O)n2cnc3c(NOC)nc(nc23)C#Cc4ccccn4,0
CHEMBL95897,Nc1ncnc2c1ncn2CCO,0
CHEMBL2113094,N#Cc1cccc(c1)c2nc(Nc3cnccn3)sc2n4cncn4,0
CHEMBL464859,CCNC(=O)[C@H]1O[C@H]([C@H](O)[C@@H]1O)n2cnc3c(N)ncnc23,1
CHEMBL188482,CCCNc1nc(nc2c1ncn2C3O[C@H](CO)[C@@H](O)[C@H]3O)n4cc(cn4)c5ccc(OC)cc5,0
CHEMBL506250,Nc1nc(cc(c2occc2)c1C#N)c3occc3,1
CHEMBL144979,COc1ccc(NC(=O)Nc2nc3ccc(Cl)cc3c4nc(nn24)c5occc5)cc1,1
CHEMBL288258,Nc1nc(NC(=O)C2CCCCC2)nc3c1ncn3[C@@H]4O[C@H](CO)[C@@H](O)[C@H]4O,0
CHEMBL3314870,CCOC(=O)c1cnc(SC)n2nc(nc12)c3occc3,0
CHEMBL200279,O[C@H]1[C@@H](O)[C@@H](S[C@@H]1C(=O)NCC2CC2)n3cnc4c(NCc5cccc(I)c5)nc(Cl)nc34,0
CHEMBL3765580,COc1cccc2c(nc(N)nc12)C(=O)NCc3cccc4cccnc34,1
CHEMBL3403729,CCOC(=O)c1c2CCCCc2sc1NC(=O)c3sc(Nc4ccc(C)cc4)nc3N(C)C,0
CHEMBL259736,Nc1nc(c2ccccc2)c(C#N)c(n1)c3ccccc3,1
CHEMBL406745,CN(C)c1nc(c2cn[nH]c2)c3sccc3n1,0
CHEMBL220158,CONc1nc(nc2c1ncn2[C@@H]3O[C@H](CO)[C@@H](O)[C@H]3O)C#Cc4ccc(OC)cc4,0
CHEMBL2151252,C[C@@H](Oc1ccc(Cl)cc1)C(=O)Nc2nc(n[nH]2)c3ccccc3,0
CHEMBL405235,OCCCNc1nc(C(=O)c2cccs2)c3sccc3n1,1
CHEMBL144979,COc1ccc(NC(=O)Nc2nc3ccc(Cl)cc3c4nc(nn24)c5occc5)cc1,1
CHEMBL576185,CC(C)CCn1cc2c(nc(NC(=O)Cc3cccc(Cl)c3)n4nc(nc24)c5occc5)n1,1
CHEMBL3087706,CCCn1c(nc2c(N)ncnc12)c3occc3,1
CHEMBL401321,CC(=O)Nc1cc(nc(n1)c2occc2)n3cccn3,1
CHEMBL1800791,CC1CN2C(=O)N(Cc3ccccc3)c4nc([nH]c4C2=N1)c5cc(OCc6ccccc6)nn5C,0
CHEMBL489175,COC(=O)[C@H]1O[C@H]([C@H](O)[C@@H]1O)n2cnc3c(NCc4cccc(I)c4)nc(Cl)nc23,0
CHEMBL284969,OC[C@H]1O[C@H]([C@H](O)[C@@H]1O)n2cnc3c(NC4CCCC4)nc(Cl)nc23,1
CHEMBL97895,CCOc1ccc2c(O)cc(nc2n1)c3ccccc3,0
CHEMBL1760889,CCN(C(=O)C)c1ccc(OC)c2nc(NC(=O)[C@@H]3CC[C@H](C3)NC(=O)c4cccc(c4)C(F)(F)F)sc12,1
CHEMBL405234,OCCNc1nc(C(=O)c2cccs2)c3sccc3n1,1
CHEMBL255939,Nc1nc(c2ncc[nH]2)c3cnn(Cc4ccccc4F)c3n1,0
CHEMBL3356373,Cc1ccc2ncc3nc(nn3c2c1)c4ccccc4,0
CHEMBL3093328,CN1C(=O)N(C)c2nc3N(CCCn3c2C1=O)c4ccc(F)cc4,0
CHEMBL2151256,Cc1cccc(OCC(=O)Nc2nc(n[nH]2)c3ccccc3)c1,0
CHEMBL2180919,CN(C)c1nc2nn(C)cc2c3nc(nn13)c4occc4,0
CHEMBL461857,Cc1oc(cc1)c2nc(N)nc3c2nnn3Cc4ccccc4F,1
CHEMBL3739802,CCCn1cnc2c(NCCCc3ccccc3)ncnc12,0
CHEMBL593986,Nc1nc(cc(n1)c2cccc(F)c2)C(=O)NCc3ccccn3,1
CHEMBL219411,CCNC(=O)[C@H]1O[C@H]([C@H](O)[C@@H]1O)n2cnc3c(NNC(=O)c4ccc(C)s4)ncnc23,0
CHEMBL190,CN1C(=O)N(C)c2[nH]cnc2C1=O,0
CHEMBL3114148,CC(C)n1cc2c(Cl)nc(NC(=O)c3ccc(F)cc3)nc2n1,0
CHEMBL294590,Nc1ncnc2c1ncn2C3CCCC3,0
CHEMBL3114139,Cn1cc2c(Cl)nc(N)nc2n1,0
CHEMBL1935763,Nc1nc2cn(CCCc3ccccc3)nc2c4nc(nn14)c5occc5,1
CHEMBL408869,OC(c1ccccc1)c2cc(nc3ccccc23)C(F)(F)F,0
CHEMBL408895,CN1C2C(Nc3cnccc23)C(=O)N(C)C1=O,0
CHEMBL3314917,CCCCCNc1ncc(C(=O)O)c2nc(nn12)c3occc3,0
CHEMBL521356,CC(=O)Nc1cc(nc(n1)n2nc(C)cc2C)c3cccc(n3)N4CCCCC4,1
CHEMBL607759,CCNc1nc(nc2c1ncn2C3O[C@H](CO)[C@@H](O)[C@H]3O)C#Cc4ccccc4,0
CHEMBL1096134,CN1CCN(CC1)c2ccc3C(=O)c4c(nc(N)nc4c3c2)c5ccccc5,1
CHEMBL91,Clc1ccc(COC(Cn2ccnc2)c3ccc(Cl)cc3Cl)c(Cl)c1,0
CHEMBL221206,CNC(=O)[C@H]1O[C@H]([C@H](O)[C@@H]1O)n2cnc3c(NOC)nc(nc23)C#Cc4ccccc4,0
CHEMBL3093328,CN1C(=O)N(C)c2nc3N(CCCn3c2C1=O)c4ccc(F)cc4,0
CHEMBL3114156,Fc1ccc(cc1)C(=O)Nc2nc(Cl)c3cn(CCc4ccccc4)nc3n2,0
CHEMBL2377233,Cc1csc(n1)c2nc(N)c3cc(Cc4ccccc4F)sc3n2,1
CHEMBL401321,CC(=O)Nc1cc(nc(n1)c2occc2)n3cccn3,1
CHEMBL3217869,Nc1nc(nc2sc(CN3CCC(F)CC3)cc12)c4ccccc4C#N,0
CHEMBL261819,CCN1C(=O)N(CC(C)C)C(=O)c2[nH]c(nc12)c3cnn(Cc4cccc(F)c4)c3,0
CHEMBL464859,CCNC(=O)[C@H]1O[C@H]([C@H](O)[C@@H]1O)n2cnc3c(N)ncnc23,1
CHEMBL1081841,CN1C(=O)Nc2nc(c3occc3)c(cc12)c4ccncn4,0
CHEMBL145734,COc1ccc(NC(=O)Nc2nc3nn(CCc4cccc5ccccc45)cc3c6nc(nn26)c7occc7)cc1,0
CHEMBL329293,Cc1ccc2c(S)cc(nc2n1)c3ccccc3,0
CHEMBL2419148,CCN1C(=S)SC(=C1N=Cc2ccc(F)cc2)C#N,1
CHEMBL3763717,Nc1nc(C(=O)NCc2cccc3cccnc23)c4ccc(F)cc4n1,1
CHEMBL489795,O[C@H]1[C@@H](O)[C@@H]([C@H]2C[C@@H]12)n3cnc4c(N[C@H]5C[C@@H]5c6ccccc6)nc(Cl)nc34,0
CHEMBL17103,OC(=O)C=Cc1ccc(cc1)c2nc3C(=O)N(CC4CCCCC4)C(=O)N(CC5CCCCC5)c3[nH]2,0
CHEMBL466021,CCCN1C(=O)N(CCC)c2cc([nH]c2C1=O)c3ccc(COC(=O)Nc4ccccc4)cc3,1
CHEMBL123705,CCCCc1nc2[nH]cnc2c3nc(nn13)c4ccc(cc4)C(F)(F)F,1
CHEMBL572601,CCCCn1cc2c(nc(NC(=O)Cc3ccsc3)n4nc(nc24)c5occc5)n1,1
CHEMBL113,CN1C(=O)N(C)c2ncn(C)c2C1=O,0
CHEMBL3410306,CCOC(=O)c1nc(NC(=O)c2ccccc2)nc3nn(cc13)C(C)C,0
CHEMBL65271,CCn1cc2c(nc(NC(=O)Nc3ccc(OC)cc3)n4nc(nc24)c5occc5)n1,0
CHEMBL1086847,Nc1nc2c3ccccc3C(=O)c2c(n1)c4nccs4,1
CHEMBL464859,CCNC(=O)[C@H]1O[C@H]([C@H](O)[C@@H]1O)n2cnc3c(N)ncnc23,1
CHEMBL1086977,Nc1nc(c2ccncc2)c3C(=O)c4ccccc4c3n1,1
CHEMBL1277040,CNC(=O)[C@H]1O[C@H]([C@H](O)[C@@H]1O)n2cnc3c(N)nc(nc23)C#Cc4ccccc4,0
CHEMBL423542,Nc1nc2nn(CCCc3ccccc3)cc2c4nc(nn14)c5occc5,1
CHEMBL3764736,Cn1nccc1c2cccc3c(nc(N)nc23)C(=O)NCc4cccc5cccnc45,0
CHEMBL81616,CC(=O)NCCNc1[nH]c(nc2nc(C)c(C)c12)c3ccccc3,1
CHEMBL319387,CCCCC#Cc1nc(N)c2ncn([C@@H]3O[C@H](CO)[C@@H](O)[C@H]3O)c2n1,1
CHEMBL321769,Cc1ccc2c(O)cc(nc2n1)c3cccc(c3)[N+](=O)[O-],0
CHEMBL279898,CCCN1C(=O)NC(=O)c2[nH]cnc12,0
CHEMBL259565,CCN1C(=O)N(CC(C)C)C(=O)c2[nH]c(nc12)c3cnn(c3)c4ccc(nc4)C(F)(F)F,0
CHEMBL442333,C1CCC(C1)c2nc3c(Nc4ccccc4)[nH]c5ccccc5c3n2,0
CHEMBL3314878,CNC(=O)c1cnc(NC(=O)NC2CCCCC2)n3nc(nc13)c4occc4,0
CHEMBL2021950,Cc1cc(cc(C)c1O)c2nnc(N)nc2c3ccccc3,1
CHEMBL199541,Cc1ccccc1CNc2nc(Cl)nc3c2ncn3[C@@H]4S[C@@H]([C@@H](O)[C@H]4O)C(=O)NCC5CC5,0
CHEMBL3935610,Nc1nc(NCCc2ccccc2)nc3sc(nc13)c4occc4,1
CHEMBL3754760,CC(C)Nc1nc(NC(=O)c2ccccc2)n3nc(nc3n1)c4occc4,0
CHEMBL200370,CCCN1C(=O)N(CCC)c2[nH]c(nc2C1=O)c3cnn(Cc4onc(n4)c5ccccc5Cl)c3,0
CHEMBL464859,CCNC(=O)[C@H]1O[C@H]([C@H](O)[C@@H]1O)n2cnc3c(N)ncnc23,1
CHEMBL16867,Nc1nc2nn(CCc3ccccc3)cc2c4nc(nn14)c5occc5,1
CHEMBL4080205,CNC(=O)[C@H]1[Se][C@H]([C@H](O)[C@@H]1O)n2cnc3c(NCc4ccccc4Cl)ncnc23,0
CHEMBL1090461,Cn1cc2c(nc(NC(=O)Cc3ccccc3)n4nc(nc24)c5ccc(cc5)[N+](=O)[O-])n1,0
CHEMBL3827583,CCN1C(=O)N(CC)c2nc3N(CCc4ccc(O)cc4)CCCn3c2C1=O,0
CHEMBL3114163,Cn1cc2c(Cl)nc(NC(=O)Cc3ccccc3)nc2n1,0
CHEMBL221206,CNC(=O)[C@H]1O[C@H]([C@H](O)[C@@H]1O)n2cnc3c(NOC)nc(nc23)C#Cc4ccccc4,0
CHEMBL3764083,Nc1nc(C(=O)NCc2cccc3cccnc23)c4cccc(F)c4n1,1
CHEMBL3093322,CN1C(=O)N(CC#C)C(=O)c2c1nc3N(CC4CCCO4)CCCn23,0
CHEMBL485765,CC(=O)Nc1cc(nc(n1)n2nc(C)cc2C)c3cccc(n3)N4CCCC4,1
CHEMBL2377092,Nc1nc(nc2sc(Cc3ccccc3Cl)cc12)c4cccc(c4)C#N,1
CHEMBL3121723,CN1C(=O)N(C)c2nc([nH]c2C1=O)c3ccc(OCCN4CCOCC4)cc3,1
CHEMBL487569,COc1cc(OC)cc(c1)c2cc(NC(=O)C)nc(n2)n3nc(C)cc3C,1
CHEMBL3909645,Cc1ccc(Nc2nc3ccccc3c4[nH]c(nc24)C5CCCC5)cc1,0
CHEMBL2165800,Nc1nc(c2ccccc2)c3C(=O)c4ccc(Cc5ccncc5F)cc4c3n1,1
CHEMBL374336,CCCCCc1ccc(cc1)C#Cc2nc(NOC)c3ncn([C@@H]4O[C@@H]([C@@H](O)[C@H]4O)C(=O)NCC)c3n2,0
CHEMBL3314918,CC(C)Nc1ncc(C(=O)O)c2nc(nn12)c3occc3,0
CHEMBL2070883,Cn1cc2c(nc(NC(=O)NC3CCN(CC=C)CC3)n4nc(nc24)c5occc5)n1,0
CHEMBL10,C[S+]([O-])c1ccc(cc1)c2nc(c3ccc(F)cc3)c([nH]2)c4ccncc4,0
CHEMBL190,CN1C(=O)N(C)c2[nH]cnc2C1=O,0
CHEMBL329791,COc1ccc(NC(=O)Nc2nc3nn(C)cc3c4nc(nn24)c5occc5)cc1,0
CHEMBL446698,C1CN(CCO1)c2ccc(Nc3nc(NC4CC5CCC4C5)c6[nH]cnc6n3)cc2,0
CHEMBL572419,O=C(Cc1ccsc1)Nc2nc3nn(CCc4ccccc4)cc3c5nc(nn25)c6occc6,1
CHEMBL3314925,COc1ccc(CNc2ncc(C(=O)O)c3nc(nn23)c4occc4)cc1,0
CHEMBL284969,OC[C@H]1O[C@H]([C@H](O)[C@@H]1O)n2cnc3c(NC4CCCC4)nc(Cl)nc23,1
CHEMBL7608,Oc1c(nnc2nc3ccccc3n12)c4occc4,1
CHEMBL508786,COC[C@H]1CCCN1c2cc(NC(=O)C)nc(n2)c3oc(C)cc3,1
CHEMBL145623,CC(=CCn1cc2c(nc(N)n3nc(nc23)c4occc4)n1)C,1
CHEMBL3410294,Cn1cc2c(nc(N)nc2n1)C(=O)N,0
CHEMBL416537,Cc1cccc(c1)N2N=C3N(C2=O)c4ccccc4N=C3N,1
CHEMBL3739799,CCCn1cnc2c(NCc3ccccc3)ncnc12,0
CHEMBL265213,CCCN1C(=O)N(CC)c2nc([nH]c2C1=O)c3cnn(Cc4cccc(F)c4)c3,0
CHEMBL400414,CCNc1nc(nc2c1ncn2[C@@H]3O[C@H](CO)[C@@H](O)[C@H]3O)n4cc(cn4)c5ccc(OC)cc5,0
CHEMBL3969553,Nc1ncc(c2ccc(O)cc2)c(n1)c3ccccc3,1
CHEMBL1098765,Nc1nc(c2ccccc2)c3C(=O)c4ccc(NCCc5ccccn5)cc4c3n1,1
CHEMBL224874,CCNC(=O)[C@H]1O[C@H]([C@H](O)[C@@H]1O)n2cnc3c(N)nc(nc23)C#C[C@@H](O)c4ccccc4,1
CHEMBL4081876,CCn1nnc(n1)[C@H]2O[C@H]([C@H](O)[C@@H]2O)n3cnc4c(NCc5cccc(Br)c5)ncnc34,1
CHEMBL1276853,Cc1nc2C(=O)N(Cc3ccccc3)N=C(Cl)c2c4cc(nn14)c5ccccc5,0
CHEMBL3740939,CCn1nnc(n1)[C@H]2O[C@H]([C@H](O)[C@@H]2O)n3cnc4c(N)nc(nc34)N(C)C,0
CHEMBL1091641,Cn1cc2c(nc(NC(=O)Cc3ccccc3)n4nc(nc24)c5ccc(Cl)cc5)n1,0
CHEMBL3410310,CCOC(=O)c1nc(NC(=O)c2ccc(F)cc2)nc3nn(CC(C)(C)C)cc13,0
CHEMBL104,Clc1ccccc1C(c2ccccc2)(c3ccccc3)n4ccnc4,0
CHEMBL272185,Oc1c(Br)cc2[nH]c3cnccc3c2c1Br,0
CHEMBL3093329,CN1C(=O)N(CC#C)C(=O)c2c1nc3N(CCCn23)c4ccc(F)cc4,0
CHEMBL418797,Oc1cc(nc2nc(NC3CCCCC3)ccc12)c4ccccc4,0
CHEMBL273094,CCCN1C(=O)N(CCC)c2nc([nH]c2C1=O)c3ccc(OCC(=O)NCCN)cc3,1
CHEMBL104998,CC(=O)Nc1ccc(cc1)c2cc(O)c3ccc(C)nc3n2,0
CHEMBL554967,CCCN1C(=O)N(CCC)c2c([nH]c3cnccc23)C1=O,0
CHEMBL573269,CNC(=O)[C@H]1O[C@H]([C@H](O)[C@@H]1O)n2cnc3c(NC)nc(nc23)C#Cc4ccc(F)cc4,0
CHEMBL464859,CCNC(=O)[C@H]1O[C@H]([C@H](O)[C@@H]1O)n2cnc3c(N)ncnc23,1
CHEMBL197359,COc1ccc(CNC(=O)c2cnc3nc(C)ccc3c2O)cc1,0
CHEMBL569844,CN1C(=O)N(C)c2c([nH]c3cnccc23)C1=O,0
CHEMBL407969,CCCN1C(=O)N(CC)c2nc([nH]c2C1=O)c3cnn(Cc4cc(on4)c5ccc(cc5)C(F)(F)F)c3,0
CHEMBL2165804,CC(C)N1C=C(C=CC1=O)c2ncc(N)nc2c3ccc(F)cc3,1
CHEMBL119709,CNC(=O)[C@H]1O[C@H]([C@H](O)[C@@H]1O)n2cnc3c(NCc4cccc(I)c4)ncnc23,1
CHEMBL2012693,COc1cc(F)c(F)cc1CNc2nc(Cl)nc3c2ncn3[C@H]4[C@H](O)[C@H](O)[C@@H]5C[C@H]45,0
CHEMBL1087189,Nc1nc(c2ccccc2)c3C(=O)c4ccc(CN5CCCC5)cc4c3n1,1
CHEMBL224874,CCNC(=O)[C@H]1O[C@H]([C@H](O)[C@@H]1O)n2cnc3c(N)nc(nc23)C#C[C@@H](O)c4ccccc4,1
CHEMBL596014,O[C@H]1[C@@H](O)[C@@H](S[C@@H]1C(=O)NC2CC2)n3cnc4c(NCc5cccc(I)c5)ncnc34,1
CHEMBL363419,C1CCC(CC1)Nc2[nH]c(Oc3ccccc3)nc4ncnc24,0
CHEMBL223739,CONc1nc(nc2c1ncn2[C@@H]3O[C@H](CO)[C@@H](O)[C@H]3O)C#Cc4ccc(F)cc4,0
CHEMBL9514,COC(=O)Nc1nc2ccc(cc2[nH]1)C(=O)c3cccs3,0
CHEMBL404131,CCCN1C(=O)Nc2nc([nH]c2C1=O)c3cnn(Cc4cccc(F)c4)c3,0
CHEMBL411034,Nc1nc(c2occc2)c3ncn(C(=O)NCc4ccccc4Cl)c3n1,1
CHEMBL65747,Nc1ncnc2nc(Br)[nH]c12,0
CHEMBL550636,Nc1nc(cc(n1)c2occc2)C(=O)NCc3cccc(F)c3,1
CHEMBL2398482,CC(O)CCc1nc(N)c2nc(n(C)c2n1)n3nccn3,1
CHEMBL409483,CCNC(=O)[C@H]1O[C@H]([C@H](O)[C@@H]1O)n2cnc3c(NNC(=O)c4sccc4C)nc(Cl)nc23,0
CHEMBL808,Clc1ccc(COC(Cn2ccnc2)c3ccc(Cl)cc3Cl)cc1,0
CHEMBL3114141,CC(C)(C)Cn1cc2c(Cl)nc(N)nc2n1,0
CHEMBL16687,Nc1nc2ccc(Cl)cc2c3nc(nn13)c4occc4,1
CHEMBL1095999,Nc1nc(c2occc2)c3C(=O)c4ccccc4c3n1,1
CHEMBL3125715,CCCCC#Cc1nc(NC2CCCC2)c3ncn([C@H]4[C@H](O)[C@H](O)[C@@H]5C[C@H]45)c3n1,0
CHEMBL344706,CCCn1cc2c(nc(N)n3nc(nc23)c4occc4)n1,1
CHEMBL2165808,Nc1nc(c2ccccc2)c3C(=O)c4ccc(Cc5cncc(c5)C#N)cc4c3n1,1
CHEMBL65271,CCn1cc2c(nc(NC(=O)Nc3ccc(OC)cc3)n4nc(nc24)c5occc5)n1,0
CHEMBL103150,CCCc1cc(O)c2ccc(C)nc2n1,0
CHEMBL220334,CCCCCc1ccc(cc1)C#Cc2nc(NOC)c3ncn([C@@H]4O[C@@H]([C@@H](O)[C@H]4O)C(=O)NC)c3n2,0
CHEMBL44,Oc1ccc(cc1)C2=COc3cc(O)cc(O)c3C2=O,0
CHEMBL575027,CNC(=O)[C@H]1O[C@H]([C@H](O)[C@@H]1O)n2cnc3c(NC)nc(nc23)C#Cc4ccccn4,0
CHEMBL3114158,Cc1ccc(cc1)C(=O)Nc2nc(Cl)c3cn(CCc4ccccc4)nc3n2,0
CHEMBL2419137,CCCCN1C(=S)SC(=C1N=Cc2ccc(Br)cc2)C#N,1
CHEMBL574597,CNc1nc(nc2c1ncn2[C@@H]3O[C@H](CO)[C@@H](O)[C@H]3O)C#Cc4ccccc4,0
CHEMBL441707,CONc1nc(nc2c1ncn2[C@@H]3O[C@@H](CO)[C@@H](O)[C@H]3O)C#Cc4ccccc4,0
CHEMBL259049,Cc1cccc(CNC(=O)n2cnc3c(nc(N)nc23)c4occc4)c1,1
CHEMBL440416,CC(C)C(=O)Nc1nc(c2ccccc2)c(C#N)c(n1)c3ccccc3,1
CHEMBL260146,Nc1nc(c2occc2)c3cnn(C(=O)NCc4ccccc4)c3n1,1
CHEMBL1170295,COc1ccc(N(CC(=O)O)C(=O)C)c2sc(NC(=O)c3ccc(F)cc3)nc12,0
CHEMBL2419150,Brc1ccc(C=NC2=C(SC(=S)N2CCc3ccccc3)C#N)cc1,1
CHEMBL190,CN1C(=O)N(C)c2[nH]cnc2C1=O,0
CHEMBL361826,CCCN1C(=O)N(CCC)c2[nH]c(nc2C1=O)c3ccc(OCc4noc(n4)c5ccccc5OC)cc3,1
CHEMBL284969,OC[C@H]1O[C@H]([C@H](O)[C@@H]1O)n2cnc3c(NC4CCCC4)nc(Cl)nc23,1
CHEMBL113,CN1C(=O)N(C)c2ncn(C)c2C1=O,0
CHEMBL3745868,O=C(Nc1nc(cs1)C2CC2)c3cc4ccccc4s3,0
CHEMBL504495,CC(O)Cn1cnc2c(N)ncnc12,0
CHEMBL3114147,CC(C)n1cc2c(Cl)nc(NC(=O)c3ccccc3)nc2n1,0
CHEMBL1170130,CCN(C(=O)C)c1ccc(Cl)c2nc(NC(=O)c3ccc(F)cc3)sc12,1
CHEMBL284969,OC[C@H]1O[C@H]([C@H](O)[C@@H]1O)n2cnc3c(NC4CCCC4)nc(Cl)nc23,1
CHEMBL4080925,NC1=NC(=CN2C(=O)N(N=C12)c3ccccc3)c4ccccc4,1
CHEMBL2419143,CCN1C(=S)SC(=C1N=Cc2ccc(Cl)cc2)C#N,1
CHEMBL1161797,OC(=O)Nc1nc(c2cccc(c2)C#N)c(s1)n3cncn3,0
CHEMBL464859,CCNC(=O)[C@H]1O[C@H]([C@H](O)[C@@H]1O)n2cnc3c(N)ncnc23,1
CHEMBL328214,CN1C(=O)C=Cc2c(O)cc(nc12)c3ccccc3,0
CHEMBL611561,CCNC(=O)[C@H]1OC([C@H](O)[C@@H]1O)n2cnc3c(NCCCCCCCCNc4ccc(c5nonc45)[N+](=O)[O-])ncnc23,0
CHEMBL187458,C1CCCC(CC1)Nc2[nH]c(Nc3ccccc3)nc4ncnc24,0
CHEMBL505633,Nc1ncnc2c1nc(Br)n2CC(O)CO,0
CHEMBL1087714,Nc1nc(c2ccccc2)c3C(=O)c4ccc(CNCc5occc5)cc4c3n1,1
CHEMBL262363,Nc1nc(nc2c1ncn2[C@@H]3O[C@H](CO)[C@@H](O)[C@H]3O)C#C[C@@H](O)c4ccccc4,1
CHEMBL573950,CNC(=O)[C@H]1O[C@H]([C@H](O)[C@@H]1O)n2cnc3c(NOC)nc(nc23)C#Cc4ccc(OC)cc4,0
CHEMBL258534,CCNC(=O)[C@H]1O[C@H]([C@H](O)[C@@H]1O)n2cnc3c(N)nc(nc23)C#C[C@H](O)c4ccccc4,1
CHEMBL400414,CCNc1nc(nc2c1ncn2[C@@H]3O[C@H](CO)[C@@H](O)[C@H]3O)n4cc(cn4)c5ccc(OC)cc5,0
CHEMBL3114166,Clc1nc(NC(=O)Cc2ccccc2)nc3nn(CCc4ccccc4)cc13,0
CHEMBL1097494,Nc1nc(c2oc(Cl)cc2)c3C(=O)c4ccccc4c3n1,1
CHEMBL475023,CCCn1cnc2c(N)ncnc12,0
CHEMBL475617,CC(O)Cn1c(Br)nc2c(N)ncnc12,0
CHEMBL3093237,CN1C(=O)N(C)c2nc3N(Cc4cc(Cl)cc(Cl)c4)CCCn3c2C1=O,0
CHEMBL119709,CNC(=O)[C@H]1O[C@H]([C@H](O)[C@@H]1O)n2cnc3c(NCc4cccc(I)c4)ncnc23,1
CHEMBL231891,CCNc1nc(nc2c1ncn2[C@@H]3O[C@H](CO)[C@@H](O)[C@H]3O)n4cc(cn4)c5ccccn5,0
CHEMBL3121724,CN1C(=O)N(C)c2nc([nH]c2C1=O)c3ccc(OCCN4CCCC4)cc3,1
CHEMBL2165805,C[C@@H]1CCC(C)N1Cc2ccc3C(=O)c4c(nc(N)nc4c3c2)c5ccccc5,1
CHEMBL423542,Nc1nc2nn(CCCc3ccccc3)cc2c4nc(nn14)c5occc5,1
CHEMBL113,CN1C(=O)N(C)c2ncn(C)c2C1=O,0
CHEMBL3114155,Clc1nc(NC(=O)c2ccccc2)nc3nn(CCc4ccccc4)cc13,0
CHEMBL3314924,Cc1ccc(CNc2ncc(C(=O)O)c3nc(nn23)c4occc4)cc1,0
CHEMBL3403739,CCOC(=O)c1c(C)c(sc1NC(=O)c2sc(Nc3ccc(OC)cc3)nc2N(C)C)C(=O)OC,0
CHEMBL3403728,CCOC(=O)c1c2CCCCc2sc1NC(=O)c3sc(Nc4ccccc4)nc3c5ccc(C)cc5,0
CHEMBL273094,CCCN1C(=O)N(CCC)c2nc([nH]c2C1=O)c3ccc(OCC(=O)NCCN)cc3,1
CHEMBL190,CN1C(=O)N(C)c2[nH]cnc2C1=O,0
CHEMBL1935744,CCCn1cc2nc(N)n3nc(nc3c2c1)c4occc4,1
CHEMBL431733,CNC(=O)[C@H]1O[C@H]([C@H](O)[C@@H]1O)n2cnc3c(NCc4cccc(I)c4)nc(Cl)nc23,0
CHEMBL3951351,O[C@@H]1CC[C@H](CC1)Nc2ncc(c3ccc(O)c(Cl)c3)c(n2)c4ccccc4,1
CHEMBL81616,CC(=O)NCCNc1[nH]c(nc2nc(C)c(C)c12)c3ccccc3,1
CHEMBL4068548,NC1=NC(=CN2C(=O)N(N=C12)c3ccccc3)c4cccc(O)c4,1
CHEMBL3403733,CN(C)c1nc(Nc2ccc(C)cc2)sc1C(=O)Nc3sc4CCCCc4c3C(=O)N,0
CHEMBL399577,CN(C)CC(=O)Nc1cc(nc(n1)c2occc2)n3cccn3,1
CHEMBL3740172,CCCn1cnc2c(N)nc(NCc3ccccc3)nc12,0
CHEMBL411686,O[C@@H]([C@H]1CCCCN1)c2cc(nc3c(cccc23)C(F)(F)F)C(F)(F)F,0
CHEMBL365172,N#Cc1cccc(c1)c2nc(Nc3ccncc3)sc2n4cncn4,0
CHEMBL476311,Nc1nc(cc(c2cccs2)c1C#N)c3occc3,1
CHEMBL464859,CCNC(=O)[C@H]1O[C@H]([C@H](O)[C@@H]1O)n2cnc3c(N)ncnc23,1
CHEMBL3827187,CCCCN1C(=O)N(CCCC)c2nc3N(CCCn3c2C1=O)c4ccc(OCCN(CC)CC)cc4,0
CHEMBL260933,CCCN1C(=O)N(CC)c2nc([nH]c2C1=O)c3cnn(Cc4cccc(c4)C(F)(F)F)c3,0
CHEMBL426537,CONc1nc(nc2c1ncn2[C@@H]3O[C@H](CO)[C@@H](O)[C@H]3O)C#Cc4ccc(C)cc4,0
CHEMBL431733,CNC(=O)[C@H]1O[C@H]([C@H](O)[C@@H]1O)n2cnc3c(NCc4cccc(I)c4)nc(Cl)nc23,0
CHEMBL2180908,CN1CCN(CC1)c2nc3nn(C)cc3c4nc(nn24)c5occc5,0
CHEMBL273094,CCCN1C(=O)N(CCC)c2nc([nH]c2C1=O)c3ccc(OCC(=O)NCCN)cc3,1
CHEMBL261203,Nc1nc(c2occc2)c3ncn(C(=O)NCc4ccccc4)c3n1,1
CHEMBL4097464,CC1=CN2C(=O)N(N=C2C(=N1)N)c3ccc(O)cc3,0
CHEMBL595132,Cc1cccnc1CNC(=O)c2cc(nc(N)n2)c3ccccc3,1
CHEMBL574597,CNc1nc(nc2c1ncn2[C@@H]3O[C@H](CO)[C@@H](O)[C@H]3O)C#Cc4ccccc4,0
CHEMBL1093479,Ic1cccc(c1)N2C(=S)Sc3c2ncn4nc(nc34)c5occc5,1
CHEMBL1935745,Nc1nc2cn(CCc3ccccc3)cc2c4nc(nn14)c5occc5,1
CHEMBL355415,CCCn1cc2c(nc(NC(=O)Nc3ccc(cc3)[N+](=O)[O-])n4nc(nc24)c5occc5)n1,0
CHEMBL3932413,Nc1nc(NCc2cccc(O)c2)nc3sc(nc13)c4occc4,1
CHEMBL1087462,Nc1nc(c2ccccc2)c3C(=O)c4cccc(CN5CCOCC5)c4c3n1,1
CHEMBL464859,CCNC(=O)[C@H]1O[C@H]([C@H](O)[C@@H]1O)n2cnc3c(N)ncnc23,1
CHEMBL122806,Nc1nc(SCc2ncc[nH]2)c(C#N)c(c3cccc(O)c3)c1C#N,1
CHEMBL407351,CN1C2C(N(C)c3cccnc23)C(=O)N(C)C1=O,0
CHEMBL251997,C[C@@]1(O)[C@H](O)[C@@H](CO)O[C@H]1n2cnc3c(NC4CCCC4)nc(Cl)nc23,1
CHEMBL3314923,OC(=O)c1cnc(NCc2ccccc2)n3nc(nc13)c4occc4,0
CHEMBL378598,CCCN1C(=O)N(CCC)c2[nH]c(nc2C1=O)c3cnn(Cc4cc(ccc4Cl)C(F)(F)F)c3,0
CHEMBL1091640,Cn1cc2c(nc(NC(=O)Cc3ccccc3)n4nc(nc24)c5ccc(F)cc5)n1,0
CHEMBL2113460,Nc1nc(N=NNC(=O)Nc2ccccc2)nc3c1ncn3[C@@H]4O[C@H](CO)[C@@H](O)[C@H]4O,1
CHEMBL411,CCC(=C(CC)/c1ccc(O)cc1)c2ccc(O)cc2,0
CHEMBL113,CN1C(=O)N(C)c2ncn(C)c2C1=O,0
CHEMBL596014,O[C@H]1[C@@H](O)[C@@H](S[C@@H]1C(=O)NC2CC2)n3cnc4c(NCc5cccc(I)c5)ncnc34,1
CHEMBL218585,CCNC(=O)[C@H]1O[C@H]([C@H](O)[C@@H]1O)n2cnc3c(NNC(=O)c4ccc(C)s4)nc(Cl)nc23,0
CHEMBL1092271,C=CCN1C(=S)Sc2c1ncn3nc(nc23)c4occc4,1
CHEMBL2094083,CCNC(=O)[C@H]1O[C@H]([C@H](O)[C@@H]1O)n2cnc3c(N)nc(nc23)C#CC(O)c4ccccc4,1
CHEMBL16867,Nc1nc2nn(CCc3ccccc3)cc2c4nc(nn14)c5occc5,1
CHEMBL3818574,Oc1ccc2C=C(C(=O)Oc2c1O)c3ccsc3,0
CHEMBL257984,Nc1nc(c2occc2)c3cnn(Cc4cccc(c4)C(=O)O)c3n1,0
CHEMBL102430,Nc1ccc2c(O)cc(nc2n1)c3ccccc3,0
CHEMBL468370,Nc1nc(cc(c2ccccc2)c1C#N)c3occc3,1
CHEMBL2391834,O=C(Nc1nc(c2ccccc2)c(s1)c3ccncc3)c4occc4,1
CHEMBL17173,CCCN1C(=O)N(CCC)c2[nH]c(nc2C1=O)c3ccc(OCC(=O)NN4C(=O)C(=C(C)C4=O)C)cc3,0
CHEMBL523797,O[C@H]1[C@@H](O)[C@@H]([C@H]2C[C@@H]12)n3cnc4c(NCc5cccc(Cl)c5)nc(Cl)nc34,0
CHEMBL3827623,CCCN1C(=O)N(CCC)c2nc3N(CCCn3c2C1=O)c4ccc(OCCN5CCCC5)cc4,0
CHEMBL330399,Oc1nc2ccccc2n3nc(nc13)c4occc4,0
CHEMBL113,CN1C(=O)N(C)c2ncn(C)c2C1=O,0
CHEMBL488367,CN1C(=O)N(C)c2nc([nH]c2C1=O)c3cccc(OCCN4CCOCC4)c3,0
CHEMBL593975,Cc1cccnc1CNC(=O)c2cc(nc(N)n2)c3cccc(F)c3,1
CHEMBL2151262,C[C@@H](Sc1ccccc1)C(=O)Nc2nc(n[nH]2)c3ccccc3,0
CHEMBL1088236,Nc1nc(c2ccccc2)c3C(=O)c4ccc(CNN5CCCCC5)cc4c3n1,1
CHEMBL447192,Nc1nc(cc(c2occc2)c1C#N)c3ccccc3,1
CHEMBL223625,CNC(=O)[C@H]1O[C@H]([C@H](O)[C@@H]1O)n2cnc3c(NOC)nc(nc23)C#Cc4ccc(cc4)C(=O)C,0
CHEMBL1090576,Fc1ccc(cc1)N2C(=S)Sc3c2ncn4nc(nc34)c5occc5,1
CHEMBL409915,Nc1nc(c2occc2)c3ncn(C(=O)NCc4cccs4)c3n1,1
CHEMBL1171718,COc1ccc(N(CC(C)C)C(=O)C)c2sc(NC(=O)c3ccc(F)cc3)nc12,1
CHEMBL2151127,O=C(Nc1nc(n[nH]1)c2ccccc2)C3CCCO3,0
CHEMBL3827582,Fc1cccc(F)c1Nc2nc3c(ncnc3s2)N4CCCC4,0
CHEMBL1093271,CCN1C(=S)Sc2c1ncn3nc(nc23)c4occc4,1
CHEMBL401321,CC(=O)Nc1cc(nc(n1)c2occc2)n3cccn3,1
CHEMBL97037,Oc1cc(nc2ncccc12)c3ccccc3,0
CHEMBL3930969,Nc1ncc(c2ccc(O)c(O)c2)c(n1)c3ccccc3,1
CHEMBL4078479,CCn1nnc(n1)[C@H]2O[C@H]([C@H](O)[C@@H]2O)n3cnc4c(NCc5cccc(I)c5)ncnc34,1
CHEMBL1097737,Nc1nc(nc2nn(CCc3ccccc3)cc12)c4ccccc4,0
CHEMBL508561,Nc1ncnc2c1nc(Br)n2CCC=C,0
CHEMBL575197,O=C(Cc1cccs1)Nc2nc3nn(CCc4ccccc4)cc3c5nc(nn25)c6occc6,1
CHEMBL48153,Cn1c(nc2c(N)nc(nc12)C#CC3(O)CCCCC3)c4cccc(F)c4,1
CHEMBL136689,COc1ccc(CCCn2ncc3c2nc(N)n4nc(nc34)c5occc5)cc1,1
CHEMBL595864,CN(C)c1nc(cc(n1)c2oc(C)cc2)C(=O)NCc3ccccn3,0
CHEMBL3742213,CCCn1cnc2c(NCCc3ccccc3)ncnc12,0
CHEMBL464859,CCNC(=O)[C@H]1O[C@H]([C@H](O)[C@@H]1O)n2cnc3c(N)ncnc23,1
CHEMBL51192,CCC(O)(CC)C#Cc1nc(N)c2nc(c3cccc(F)c3)n(C)c2n1,1
CHEMBL2151118,Cc1ccc(cc1)c2n[nH]c(NC(=O)COc3ccccc3)n2,0
CHEMBL1088710,CN(C)CCOc1ccc2C(=O)c3c(nc(N)nc3c2c1)c4ccccc4,1
CHEMBL3314922,OC(=O)c1cnc(NCC2CCCCC2)n3nc(nc13)c4occc4,0
CHEMBL2151253,C[C@@H](Oc1ccccc1F)C(=O)Nc2nc(n[nH]2)c3ccccc3,0
CHEMBL513681,CN1C(=O)N(C)c2cc([nH]c2C1=O)c3ccc(COC(=O)Nc4ccsc4)cc3,1
CHEMBL518364,CCc1cc(Cn2nnc3c(nc(N)nc23)c4occc4)ccc1N,1
CHEMBL522628,COc1cccc(c1)N2C(=O)N(c3ccccc3OC)c4cnc(NC5CC5)nc24,0
CHEMBL490607,O[C@H]1[C@@H](O)[C@@H]([C@H]2C[C@@H]12)n3cnc4c(NCc5cccc6ccccc56)nc(Cl)nc34,0
CHEMBL105000,CSc1cc(nc2nc(C)ccc12)c3ccccc3,0
CHEMBL2113452,Nc1nc(N=NNC(=O)NC2CCCCC2)nc3c1ncn3[C@@H]4O[C@H](CO)[C@@H](O)[C@H]4O,1
CHEMBL464859,CCNC(=O)[C@H]1O[C@H]([C@H](O)[C@@H]1O)n2cnc3c(N)ncnc23,1
CHEMBL3741012,CCCn1c(Br)nc2c(NCCCc3ccccc3)ncnc12,0
CHEMBL3941513,CCN1N=C(C=C(NC(=O)Nc2c(Cl)cncc2Cl)C1=O)c3cccc(c3)c4cccc(c4)C(=O)NCCN5CCCCC5,1
CHEMBL464859,CCNC(=O)[C@H]1O[C@H]([C@H](O)[C@@H]1O)n2cnc3c(N)ncnc23,1
CHEMBL464859,CCNC(=O)[C@H]1O[C@H]([C@H](O)[C@@H]1O)n2cnc3c(N)ncnc23,1
CHEMBL304009,CCn1cnc2c(N)ncnc12,0
CHEMBL102429,CN(C)c1ccc2c(O)cc(nc2n1)c3ccccc3,0
CHEMBL3918173,CCN1N=C(C=C(NC(=O)Nc2c(Cl)cncc2Cl)C1=O)c3cccc(c3)c4cccc(c4)C(=O)NCCC5CCCN5C,1
CHEMBL3763830,Nc1nc(C(=O)NCc2cccc3cccnc23)c4cccc(Br)c4n1,1
CHEMBL1087998,CN(C)CCOc1ccc2C(=O)c3c(nc(N)nc3c2c1)c4ccc(F)cc4,1
CHEMBL1935752,Cn1ncc2nc(N)n3nc(nc3c12)c4occc4,1
CHEMBL1090810,Cn1cc2c(nc(N)n3nc(nc23)c4ccc(Cl)cc4)n1,0
CHEMBL1171164,CCN(C(=O)C)c1ccc(OC)c2nc(NC(=O)c3cnn(Cc4cccc(c4)C(F)(F)F)c3)sc12,1
CHEMBL509055,O[C@@H]1CS[C@H]([C@@H]1O)n2cnc3c(NCc4cccc(F)c4)ncnc23,0
CHEMBL271106,CCCSc1nc(NC(=O)C)cc(OCc2ccccc2Cl)n1,0
CHEMBL16687,Nc1nc2ccc(Cl)cc2c3nc(nn13)c4occc4,1
CHEMBL2368366,CNC(=O)[C@]12C[C@@H]1[C@H]([C@H](O)[C@@H]2O)n3cnc4c(NCC(c5ccccc5)c6ccccc6)nc(Cl)nc34,0
CHEMBL316824,Oc1nc2ccc(Cl)cc2n3nc(nc13)c4occc4,0
CHEMBL503376,Nc1ncnc2c1nc(Br)n2CCc3ccccc3,0
CHEMBL2180923,CN(C1CCCCC1)c2nc3nn(C)cc3c4nc(nn24)c5occc5,0
CHEMBL16894,CCCCn1cc2c(nc(N)n3nc(nc23)c4occc4)n1,1
CHEMBL223514,CNC(=O)[C@H]1O[C@H]([C@H](O)[C@@H]1O)n2cnc3c(NOC)nc(nc23)C#Cc4ccccn4,0
CHEMBL193,COC(=O)C1=C(C)NC(=C(C1c2ccccc2[N+](=O)[O-])C(=O)OC)C,0
CHEMBL1935762,Nc1nc2cn(CCc3ccccc3)nc2c4nc(nn14)c5occc5,1
CHEMBL2165801,Nc1nc(c2ccccc2)c3C(=O)c4ccc(Cc5cnccc5Cl)cc4c3n1,1
CHEMBL3764070,Nc1nc(C(=O)NCc2cccc3cccnc23)c4cccc(I)c4n1,1
CHEMBL510134,CNc1ccc(Cn2nnc3c(nc(N)nc23)c4occc4)cc1,1
CHEMBL401321,CC(=O)Nc1cc(nc(n1)c2occc2)n3cccn3,1
CHEMBL190,CN1C(=O)N(C)c2[nH]cnc2C1=O,0
CHEMBL2181969,O[C@@H]1[C@H](O)C2(CCNC2=O)O[C@H]1n3cnc4c(NCc5cccc(I)c5)ncnc34,0
CHEMBL151071,Nc1ncnc2c1nc(Br)n2Cc3ccccc3,0
CHEMBL3416806,CCNC(=O)[C@H]1O[C@H]([C@H](O)[C@@H]1O)n2cnc3c(N)nc(nc23)N4CCN(CC4)c5ccc(OCc6ccc(Cl)cc6)cc5,1
CHEMBL3125714,CCCCC#Cc1nc(NC2CC2)c3ncn([C@H]4[C@H](O)[C@H](O)[C@@H]5C[C@H]45)c3n1,0
CHEMBL475023,CCCn1cnc2c(N)ncnc12,0
CHEMBL3764687,CCn1cnc2c(CNC(=O)c3nc(N)nc4c(F)cccc34)cccc12,1
CHEMBL137879,CCn1cc2c(nc(N)n3nc(nc23)c4occc4)n1,1
CHEMBL474207,CC(C)Cn1c(Br)nc2c(N)ncnc12,0
CHEMBL1170519,CCN(C(=O)C)c1ccc(OC)c2nc(NC(=O)c3cc[nH]c3)sc12,1
CHEMBL427736,CCN1C(=O)N(CC2CC2)C(=O)c3[nH]c(nc13)c4cnn(c4)c5ccc(nc5)C(F)(F)F,0
CHEMBL486719,COc1cc(ccc1OCCN2CCCC2)c3nc4N(C)C(=O)N(C)C(=O)c4[nH]3,0
CHEMBL113,CN1C(=O)N(C)c2ncn(C)c2C1=O,0
CHEMBL3121720,CN(C)CCOc1ccc(cc1)c2nc3N(C)C(=O)N(C)C(=O)c3[nH]2,1
CHEMBL2151261,Cc1cc(C)cc(OCC(=O)Nc2nc(n[nH]2)c3ccccc3)c1,0
CHEMBL434063,CN(CCOc1ccc(C[C@H](Nc2ccccc2C(=O)c3ccccc3)C(=O)O)cc1)c4ccccn4,0
CHEMBL190,CN1C(=O)N(C)c2[nH]cnc2C1=O,0
CHEMBL449924,Nc1ncnc2c1nc(Br)n2C3CCCC3,0
CHEMBL178662,CCCN1C(=O)N(CCC)c2[nH]c(nc2C1=O)c3ccc(OCc4noc(n4)c5ccc(cc5)C(F)(F)F)cc3,0
CHEMBL36734,CCNC(=O)[C@H]1O[C@H]([C@H](O)[C@@H]1O)n2cnc3c(N)nc(NC(=O)CCC4CCCC4)nc23,0
CHEMBL464859,CCNC(=O)[C@H]1O[C@H]([C@H](O)[C@@H]1O)n2cnc3c(N)ncnc23,1
CHEMBL392136,Cc1ccc(cc1)C2=NN3N(C2=O)c4cc(Cl)ccc4N=C3N,1
CHEMBL1095822,Nc1nc(c2ccccc2)c3C(=O)c4ccc(cc4c3n1)N5CCOCC5,1
CHEMBL3980049,Nc1nc(NCCc2ccc(O)c(O)c2)nc3sc(nc13)c4occc4,1
CHEMBL3952586,CCN1N=C(C=C(NC(=O)Nc2c(Cl)cncc2Cl)C1=O)c3cccc(c3)c4cccc(c4)C(=O)NC5CC5,1
CHEMBL3908770,Nc1nc(NCCc2ccc(O)cc2)nc3sc(nc13)c4occc4,1
CHEMBL172,O[C@H]([C@H]1CCCCN1)c2cc(nc3c(cccc23)C(F)(F)F)C(F)(F)F,0
CHEMBL300624,Cn1c(nc2c(N)nc(nc12)C#CC(C)(C)O)c3cccc(F)c3,1
CHEMBL3741167,CCCn1c(Br)nc2c(NCc3ccccc3)ncnc12,0
CHEMBL3087715,CCn1c(nc2c(N)ncnc12)c3occc3,1
CHEMBL3410311,CCOC(=O)c1nc(NC(=O)c2ccccc2)nc3nn(CCc4ccccc4)cc13,0
CHEMBL3703592,OC1CS[C@H]([C@H]1O)n2cnc3c(NCc4cccc(F)c4)ncnc23,0
CHEMBL252045,CCCN1C(=O)N(CCC)c2nc([nH]c2C1=O)c3cnn(Cc4noc(n4)c5ccccc5)c3,0
CHEMBL190,CN1C(=O)N(C)c2[nH]cnc2C1=O,1
CHEMBL3986016,C1CCC(C1)c2nc3c(Nc4ccccc4)nc5ccccc5c3[nH]2,0
CHEMBL431733,CNC(=O)[C@H]1O[C@H]([C@H](O)[C@@H]1O)n2cnc3c(NCc4cccc(I)c4)nc(Cl)nc23,0
CHEMBL464859,CCNC(=O)[C@H]1O[C@H]([C@H](O)[C@@H]1O)n2cnc3c(N)ncnc23,1
CHEMBL231891,CCNc1nc(nc2c1ncn2[C@@H]3O[C@H](CO)[C@@H](O)[C@H]3O)n4cc(cn4)c5ccccn5,0
CHEMBL573327,CC(C)CCn1cc2c(nc(NC(=O)Cc3ccc(Cl)cc3)n4nc(nc24)c5occc5)n1,1
CHEMBL608980,Nc1nc(cc(n1)c2cccc(Cl)c2)C(=O)NCc3ccccn3,1
CHEMBL1086846,Nc1nc(c2cccs2)c3C(=O)c4ccccc4c3n1,1
CHEMBL3217873,Nc1nc(nc2sc(CN3CC=CC3)cc12)c4cccc(c4)C(F)(F)F,0
CHEMBL3828448,OC[C@@H]1CCCN1c2ncnc3sc(Nc4c(F)cccc4F)nc23,0
CHEMBL50051,Cn1c(nc2c(N)nc(nc12)C#CC3(O)CCCCC3)c4occc4,1
CHEMBL297685,Cn1c(nc2c(N)nc(nc12)C#CC3(O)CCCC3)c4cccc(F)c4,1
CHEMBL1800862,CCC1CN2C(=O)N(CC=C)c3nc([nH]c3C2=N1)c4onc(OC)c4,0
CHEMBL186443,CNc1nc(nc2c1ncn2C3O[C@H](CO)[C@@H](O)[C@H]3O)n4cc(cn4)c5cccnc5,0
CHEMBL408918,Nc1nc(nc2c1ncn2[C@@H]3O[C@H](CO)[C@@H](O)[C@H]3O)C#C[C@H](O)c4ccccc4,1
CHEMBL3828047,Clc1ncnc2sc(Nc3cccc(Br)c3)nc12,0
CHEMBL1672619,Cc1oc(cc1)c2nc(NC(=O)C3CC3)cnc2c4ccncc4,1
CHEMBL3410315,CCOC(=O)c1nc(NC(=O)c2ccc(Br)cc2)nc3nn(CCc4ccccc4)cc13,0
CHEMBL3114150,CC(C)n1cc2c(Cl)nc(NC(=O)c3ccc(C)cc3)nc2n1,0
CHEMBL523797,O[C@H]1[C@@H](O)[C@@H]([C@H]2C[C@@H]12)n3cnc4c(NCc5cccc(Cl)c5)nc(Cl)nc34,0
CHEMBL410463,Nc1nc(c2occc2)c3ncn(Cc4cccc(c4)C(=O)O)c3n1,0
CHEMBL3410313,CCOC(=O)c1nc(NC(=O)c2ccc(cc2)C(F)(F)F)nc3nn(CCc4ccccc4)cc13,0
CHEMBL329791,COc1ccc(NC(=O)Nc2nc3nn(C)cc3c4nc(nn24)c5occc5)cc1,0
CHEMBL427178,Cc1ccc2c(S)c(Cc3ccccc3)cnc2n1,0
CHEMBL2112157,CNC(=O)[C@]12C[C@@H]1[C@H]([C@H](O)[C@@H]2O)n3cnc4c(NCc5cc(OC)ccc5OC)nc(Cl)nc34,0
CHEMBL611562,CCNC(=O)[C@H]1OC([C@H](O)[C@@H]1O)n2cnc3c(NCCCCCCCCCCNc4ccc(c5nonc45)[N+](=O)[O-])ncnc23,0
CHEMBL3890609,OCc1cc(F)c(F)cc1CNc2nc(Cl)nc3c2ncn3[C@@]45C[C@H](O)[C@H](O)[C@@H]4C5,0
CHEMBL198760,Cc1ccc2c(O)c(Cc3ccccc3)cnc2n1,0
CHEMBL3088338,Clc1ncnc2sc(NC(=O)c3ccccc3)nc12,0
CHEMBL260338,CN(C)c1nc(c2occc2)c3cnn(CCc4ccccc4)c3n1,0
CHEMBL3916315,Nc1ncc(c2ccc(O)c(Cl)c2)c(n1)c3ccccc3,1
CHEMBL301512,Cn1c(nc2c(N)nc(nc12)C#CC3(O)CCCCC3)c4ccccc4F,1
CHEMBL210380,Cc1ccc(Nc2[nH]c3ccccc3c4nc(nc24)C5CCCC5)cc1,0
CHEMBL476310,Nc1nc(cc(c2occc2)c1C#N)c3cccs3,1
CHEMBL3969868,Nc1nc2cccc(Cl)c2c3nc(nn13)c4occc4,1
CHEMBL1087819,CC(=O)N1CCN(Cc2cccc3C(=O)c4c(nc(N)nc4c23)c5ccccc5)CC1,1
CHEMBL67199,CC(C)n1cnc2c(N)ncnc12,0
CHEMBL2419139,CCN1C(=S)SC(=C1N=Cc2ccc(Br)cc2)C#N,1
CHEMBL385770,CONc1nc(nc2c1ncn2[C@@H]3O[C@H](CO)[C@@H](O)[C@H]3O)C#Cc4ccc(cc4)C(=O)C,0
CHEMBL3217142,Cl.Cl.Nc1nc(c2ccccc2)c3C(=O)c4ccc(CN5CCCC5)cc4c3n1,1
CHEMBL3770601,CCNC[C@H]1O[C@H]([C@H](O)[C@@H]1O)n2cnc3c(N)ncnc23,1
CHEMBL490605,O[C@H]1[C@@H](O)[C@@H]([C@H]2C[C@@H]12)n3cnc4c(NCc5cccc(I)c5)nc(Cl)nc34,0
CHEMBL220899,CONc1nc(nc2c1ncn2[C@@H]3O[C@H](CO)[C@@H](O)[C@H]3O)C#Cc4ccncc4,0
CHEMBL208920,CC(C)CN1C(=O)N(CC(C)C)c2[nH]c(nc2C1=O)c3cnn(Cc4cccc(c4)C(F)(F)F)c3,0
CHEMBL3314919,CCCCC(CC)CNc1ncc(C(=O)O)c2nc(nn12)c3occc3,0
CHEMBL1096998,Nc1nc(c2ccc(Cl)cc2)c3C(=O)c4ccccc4c3n1,1
CHEMBL3819594,Oc1ccc2C=C(C(=O)Oc2c1O)c3cccs3,0
CHEMBL3913413,Nc1nc(NCc2cccc(F)c2)nc3sc(nc13)c4occc4,1
CHEMBL464859,CCNC(=O)[C@H]1O[C@H]([C@H](O)[C@@H]1O)n2cnc3c(N)ncnc23,1
CHEMBL2071050,Cn1cc2c(nc(NC(=O)NC3CCN(CC3)C(=O)Nc4ccncc4)n5nc(nc25)c6occc6)n1.OC(=O)C(F)(F)F,0
CHEMBL2413115,CCNC(=O)[C@H]1O[C@H]([C@H](O)[C@@H]1O)n2cnc3c(NCCCCCCCCCCNc4ccc(c5nonc45)[N+](=O)[O-])ncnc23,0
CHEMBL284969,OC[C@H]1O[C@H]([C@H](O)[C@@H]1O)n2cnc3c(NC4CCCC4)nc(Cl)nc23,1
CHEMBL3958838,COc1ccccc1CNc2nc(N)c3nc(sc3n2)c4occc4,1
CHEMBL141550,Clc1cccc(NC(=O)Nc2nc3ccc(Cl)cc3c4nc(nn24)c5occc5)c1,1
CHEMBL1650385,CCC(=O)Nc1cc(nc(n1)c2occc2)c3occc3,1
CHEMBL2165799,Nc1nc(c2ccccc2)c3C(=O)c4ccc(Cc5cncc(F)c5)cc4c3n1,1
CHEMBL2071051,CN1CCN(CC1)C(=O)N2CCC(CC2)NC(=O)Nc3nc4nn(C)cc4c5nc(nn35)c6occc6.OC(=O)C(F)(F)F,0
CHEMBL3403741,CCOC(=O)c1c(C)c(sc1NC(=O)c2sc(Nc3ccc(C)cc3)nc2N(C)C)C(=O)OC,0
CHEMBL81616,CC(=O)NCCNc1[nH]c(nc2nc(C)c(C)c12)c3ccccc3,1
CHEMBL3819227,Oc1cccc2C=C(C(=O)Oc12)c3ccsc3,0
CHEMBL487554,COC1CN(C1)c2cccc(n2)c3cc(NC(=O)C)nc(n3)n4nc(C)cc4C,1
CHEMBL1087189,Nc1nc(c2ccccc2)c3C(=O)c4ccc(CN5CCCC5)cc4c3n1,1
CHEMBL188967,Cn1cnc2c(NC3CCCCC3)nc(Nc4ccccc4)nc12,0
CHEMBL4078444,CNC(=O)[C@H]1[Se][C@H]([C@H](O)[C@@H]1O)n2cnc3c(NCc4cccc(F)c4)ncnc23,0
CHEMBL477,Nc1ncnc2c1ncn2[C@@H]3O[C@H](CO)[C@@H](O)[C@H]3O,1
CHEMBL1090578,Clc1cccc(c1)N2C(=S)Sc3c2ncn4nc(nc34)c5occc5,1
CHEMBL273094,CCCN1C(=O)N(CCC)c2nc([nH]c2C1=O)c3ccc(OCC(=O)NCCN)cc3,1
CHEMBL2165802,Nc1nc(c2ccccc2)c3C(=O)c4ccc(cc4c3n1)C(=O)c5cccnc5,1
CHEMBL464859,CCNC(=O)[C@H]1O[C@H]([C@H](O)[C@@H]1O)n2cnc3c(N)ncnc23,1
CHEMBL122622,Nc1nc(SCc2ncc[nH]2)c(C#N)c(c3ccc(O)cc3)c1C#N,1
CHEMBL2070507,Nc1ncnc2c1ncn2[C@@H]3O[C@@H]([C@@H](O)[C@H]3O)C(=O)NC4CCC4,1
CHEMBL1162942,CCC(=O)[C@H]1O[C@H]([C@H](O)[C@@H]1O)n2cnc3c(N)nc(nc23)C#Cc4ccccc4,0
CHEMBL3114142,Nc1nc(Cl)c2cn(CCc3ccccc3)nc2n1,0
CHEMBL464859,CCNC(=O)[C@H]1O[C@H]([C@H](O)[C@@H]1O)n2cnc3c(N)ncnc23,1
CHEMBL65271,CCn1cc2c(nc(NC(=O)Nc3ccc(OC)cc3)n4nc(nc24)c5occc5)n1,0
CHEMBL251874,CCCCN1C(=O)Nc2nc([nH]c2C1=O)c3cnn(Cc4ccccc4)c3,0
CHEMBL103150,CCCc1cc(O)c2ccc(C)nc2n1,0
CHEMBL1834630,COc1ccc(NC(=O)Nc2nc3nn(C)cc3c4nc(nn24)c5ccc(Cl)cc5)cc1,0
CHEMBL16867,Nc1nc2nn(CCc3ccccc3)cc2c4nc(nn14)c5occc5,1
CHEMBL427077,CNC(=O)[C@H]1O[C@H]([C@H](O)[C@@H]1O)n2cnc3c(NOC)nc(nc23)C#Cc4ccc(F)cc4,0
CHEMBL3818884,Oc1cccc2C=C(C(=O)Oc12)c3cccs3,0
CHEMBL407049,Nc1nc(c2occc2)c3cnn(CCCc4ccccc4)c3n1,1
CHEMBL2377110,Cc1oc(cc1)c2nc(N)c3cc(Cc4ccccc4Cl)sc3n2,1
CHEMBL4067571,COc1ccc(cc1)N2N=C3N(C=C(C)N=C3N)C2=O,0
CHEMBL401895,CN(C)Cc1cccc(OCC(=O)Nc2cc(nc(n2)c3oc(C)cc3)n4nc(C)cc4C)c1,1
CHEMBL2151249,C[C@@H](Oc1cccc(Cl)c1)C(=O)Nc2nc(n[nH]2)c3ccccc3,0
CHEMBL2180926,CCN(CCO)c1nc2nn(C)cc2c3nc(nn13)c4occc4,0
CHEMBL137879,CCn1cc2c(nc(N)n3nc(nc23)c4occc4)n1,1
CHEMBL1171165,CCN(C(=O)C)c1ccc(OC)c2nc(NC(=O)c3cnn(Cc4cccc(F)c4)c3)sc12,1
CHEMBL260615,Nc1nc(nc(c2ccccc2)c1C#N)c3ccccc3,1
CHEMBL16929,CCCN1C(=O)N(CCC)c2[nH]c(nc2C1=O)c3ccc(OCC(=O)Nc4ccc(F)cc4)cc3,1
CHEMBL2024119,Cc1cc(cc(n1)C(F)(F)F)c2nnc(N)nc2c3ccccc3,1
CHEMBL561855,O[C@@H]1CO[C@H]([C@@H]1O)n2cnc3c(NCc4cccc(Br)c4)ncnc23,0
CHEMBL1935761,CCCn1cc2nc(N)n3nc(nc3c2n1)c4occc4,1
CHEMBL1095813,CCN1CCC(CC1)N(C)c2ccc3C(=O)c4c(nc(N)nc4c3c2)c5ccccc5,1
CHEMBL2113454,Nc1nc(N=NNC(=O)Nc2nccs2)nc3c1ncn3[C@@H]4O[C@H](CO)[C@@H](O)[C@H]4O,1
CHEMBL490606,O[C@H]1[C@@H](O)[C@@H]([C@H]2C[C@@H]12)n3cnc4c(NCc5cccc(Br)c5)nc(Cl)nc34,0
CHEMBL3410307,CCOC(=O)c1nc(NC(=O)c2ccc(F)cc2)nc3nn(cc13)C(C)C,0
CHEMBL3765164,Nc1nc(C(=O)NCc2cccc3CNC(=O)c23)c4cccc(F)c4n1,1
CHEMBL2113046,C1CC2CC1CC2Nc3nc(Nc4ccccc4)nc5[nH]cnc35,0
CHEMBL464859,CCNC(=O)[C@H]1O[C@H]([C@H](O)[C@@H]1O)n2cnc3c(N)ncnc23,1
CHEMBL583862,O[C@H]1[C@@H](O)[C@@H]([C@H]2C[C@@H]12)n3cnc4c(NCc5cccc(Cl)c5)ncnc34,0
CHEMBL1095172,Nc1nc(c2ccccc2)c3C(=O)c4ccc(NCCN5CCOCC5)cc4c3n1,1
CHEMBL321330,Cc1cc(O)c2ccc(N)nc2n1,0
CHEMBL218596,CCNC(=O)[C@H]1O[C@H]([C@H](O)[C@@H]1O)n2cnc3c(NNC(=O)c4occc4)ncnc23,0
CHEMBL113,CN1C(=O)N(C)c2ncn(C)c2C1=O,0
CHEMBL264698,FC(F)(F)c1nc(C(=O)c2ccccn2)c3sccc3n1,0
CHEMBL188958,Cn1cnc2c(NC3CCCCCC3)nc(Nc4ccccc4)nc12,0
CHEMBL3986586,CCN1N=C(C=C(NC(=O)Nc2c(Cl)cncc2Cl)C1=O)c3cccc(c3)c4cccc(c4)C(=O)NCCN5CCOCC5,1
CHEMBL284969,OC[C@H]1O[C@H]([C@H](O)[C@@H]1O)n2cnc3c(NC4CCCC4)nc(Cl)nc23,1
CHEMBL344187,O[C@@H]1[C@H](O)[C@]2(CCNC2=O)O[C@H]1n3cnc4c(NCc5cccc(I)c5)ncnc34,0
CHEMBL259933,CCCC(=O)Nc1nc(c2ccccc2)c(C#N)c(n1)c3ccc4OCOc4c3,1
